X;Y;Z;idstation;nom;adresse1;adresse2;commune;numdansarr;nbbornette;stationbon;pole;ouverte;achevement;gid;code_insee
4.84052457167251;45.7485202867306;0;7024;Bancel / Chevreul;Rue Bancel;Rue Chevreul;Lyon 7 ème;24;21;;Itinéraire cyclable;Oui;;1;69387
4.88560943442451;45.7583918194316;0;10063;Perrin / Jean Jaurès;"9, Place Jules Grandclément";Rue Antonin Perrin;VILLEURBANNE;63;34;;quartier Grandclément;Oui;;2;69266
4.88994693631788;45.7597183207296;0;10021;GrandClément;Place GrandClément;"171, Cours Tolstoï";VILLEURBANNE;21;19;;"centre quartier, futur arrêt C3, itinéraire cyclable";Oui;;3;69266
4.86742864452601;45.7467163314947;0;8038;Albert Thomas / Villon;"64, Cours Albert Thomas";angle rue Villon;Lyon 8 ème;38;20;;"bureaux, itinéraire cyclable";Oui;;4;69388
4.82448751570971;45.737740958689;0;7045;Parc des Berges;"Face 40, Avenue Leclerc";;Lyon 7 ème;45;25;;"Accès berges, parc, itinéraire cyclable";Oui;;5;69387
4.85700187591423;45.766367311267;0;6045;Brotteaux / Vauban;44 bd des Brotteaux;;Lyon 6 ème;45;15;;"Commerces, maillage";Oui;;6;69386
4.8568128186712;45.7357952320593;0;8056;Delore / Audibert & Lavirotte;"Face 69, Rue Audibert & Lavirotte";;Lyon 8 ème;56;18;;Maillage;Oui;;7;69388
4.87419427068388;45.7403259296419;0;8015;Jean XXIII;"25, Rue Maryse Bastié";;Lyon 8 ème;15;16;;"Tramway, habitations";Oui;;8;69388
4.8354967607642;45.7347254902347;0;7057;Jaurès / Bollier;"218, Avenue Jean Jaurès";;Lyon 7 ème;57;34;;ENS Lettres;Oui;;9;69387
4.82771915596122;45.7356738897812;0;7007;Farge / Ayasse;"117, Boulevard Yves Farge";Face Rue Commandant Ayasse;Lyon 7 ème;52;20;;"Centre commercial, logements, itinéraire cyclable";Oui;;10;69387
4.8477802774631;45.7454305152808;0;7064;CROUS;"96, Rue Chevreul";;Lyon 7 ème;64;17;;Ecole de Condé;Oui;;11;69387
4.83007978876956;45.7692658462513;0;1003;Place Sathonay;"4, Place Sathonay";;Lyon 1 er;3;15;;;Oui;;12;69381
4.83205937042517;45.7402806526508;0;7018;Lycée Louise Labé;"1, Rue Rivet";;Lyon 7 ème;18;20;;Lycée professionnel Louise Labé;Oui;;13;69387
4.84073278996644;45.7557687140507;0;7056;Place Raspail;", Rrue Cavenne";;Lyon 7 ème;56;22;;"Commerces, quartier, point nodal (Guillotière, 7e,";Oui;;14;69387
4.83336455180237;45.753449502621;0;2012;Gailleton;"4, Place Gailleton";;Lyon 2 ème;12;16;;;Oui;;15;69382
4.84324933374681;45.7485374331788;0;7061;Jaurès / Université;"53, Rue de l'Université";;Lyon 7 ème;61;20;;"Coeur de quartier, commerces";Oui;;16;69387
4.86344205890526;45.7278718558835;0;8008;Beauvisage / Préssensé;"159, Rue Rrofesseur Beauvisage";;Lyon 8 ème;8;17;;itinéraires cyclables;Oui;;17;69388
4.88349701673627;45.7806441632908;0;10031;Croix Luizet;"Face 158, Avenue Roger Salengro";;VILLEURBANNE;31;22;;Centre quartier;Oui;;18;69266
4.83117812464448;45.7659547300349;0;1016;Pêcherie;"6, Rue de la Platière";Angle Quai de la Pêcherie;Lyon 1 er;16;17;;bouquinistes;Oui;;19;69381
4.85520085642282;45.7572612599252;0;3084;Desaix;"128, Rue Paul Bert";;Lyon 3 ème;84;28;;;Oui;;20;69383
4.8716371652356;45.7762463810845;0;10120;Salengro / Descartes;"39, Rue Roger Salengro";;VILLEURBANNE;120;15;;Maillage;Oui;;21;69266
4.86508416387106;45.7663703493176;0;6044;Charmettes / Bellecombe;"26, Rue de la Viabert";;Lyon 6 ème;44;16;;"CIL Bellecombe, hôpital des Charmettes, ND de Bell";Oui;;22;69386
4.89708592411878;45.7840513436847;0;10122;Verdun / Desgrand;"13, Rue de Verdun";;VILLEURBANNE;122;21;;Maillage;Oui;;23;69266
4.84840348575572;45.7566983441752;0;3018;Créqui / Voltaire;Rue de Créqui;angle place Voltaire;Lyon 3 ème;18;30;;Coeur de quartier;Oui;;24;69383
4.86850035071607;45.7620516689039;0;3101;Patinoire Baraban;"Face 52, Rue Baraban";;Lyon 3 ème;101;20;;"Patinoire, activités";Oui;;25;69383
4.9044888457893;45.7804458217109;0;10119;Villeurbanne Saint-Jean;"2, Rue des Acacias";;VILLEURBANNE;119;12;;Collège Jean Vilar;Oui;;26;69266
4.8790707067819;45.7719119252491;0;10121;Parc du Centre;"34, Rue Billon";Angle Rue Fancis de Préssencé;VILLEURBANNE;121;16;;"Parc du centre, itinéraire cyclable";Oui;;27;69266
4.89037421383777;45.7715543267274;0;10092;Montgolfier / Château Gaillard;135 rue Château Gaillard;;VILLEURBANNE;92;17;;Maillage;Oui;;28;69266
4.85417644341511;45.7241420539186;0;8051;Hôpital Saint-Jean de Dieu;"313, Route de Vienne";;VENISSIEUX;51;20;;"Hôpital Saint Jean de Dieu, logement colllectif";Oui;;29;69259
4.88482046365007;45.7512052508819;0;3079;Place Louise;"4, Place Louise";;Lyon 3 ème;79;16;;"Coeur de quartier, Parc Georges Bazin, maillage";Oui;;30;69383
4.86830540182516;45.7408946957303;0;8054;Martinière / Monplaisir;"3, Rue Antoine Lumière";;Lyon 8 ème;54;20;;Lycée technique;Oui;;31;69388
4.87063871065029;45.7458332337287;0;3008;Institut Lumière;Cours Albert Thomas;;Lyon 3 ème;8;18;;"Métro, coeur quartier, institut Lumière, marché";Oui;;32;69383
4.89153016767185;45.7557642719575;0;10113;Gare de Villeurbanne;"52, Rue du Poizat";;VILLEURBANNE;113;22;;"Tramway, maillage";Oui;;33;69266
4.896957057546;45.7481832938432;0;3091;Hôpital Neurologique;"59, Boulevard Pinel";;Lyon 3 ème;91;20;;"Centre hospitalier, itinéraire cyclable";Oui;;34;69383
4.87010174634579;45.7435678516368;0;8053;Lumière / Trouilhet;"6, Rue Antoine Lumière";;Lyon 8 ème;53;16;;"Poste, commerces";Oui;;35;69388
4.86167388058994;45.7600550578148;0;3080;Part-Dieu / Villette;Rue de la Villette;;Lyon 3 ème;80;30;;Gare Part-Dieu;Oui;;36;69383
4.85048116264952;45.7615909258197;0;3083;Les Halles;"183, Rue André Philip";;Lyon 3 ème;83;18;;"Commerces, coeur de quartier";Oui;;37;69383
4.83043469490947;45.7581569109322;0;2002;Bellecour / Saint Exupéry;"Face 34, Place Bellecour";côté Rue Paul Lintier;Lyon 2 ème;2;40;;"métro A D, site, commerces";Oui;;38;69382
4.82682143058842;45.724348355123;0;7020;Parc de Gerland;"24, Allée Pierre de Coubertin";;Lyon 7 ème;20;26;;"Parc de Gerland, Palais des Sports";Non;;39;69387
4.81946086201;45.7722538415305;0;1023;Croix Rousse / Perfetti;"Face 23, Boulevard de la Croix Rousse";;Lyon 1 er;23;20;;"IUFM, gymnase Jean Genety";Oui;;40;69381
4.83459382198385;45.7579850990088;0;2001;Bellecour / République;"4, Place Le Viste";angle Rue de La République;Lyon 2 ème;1;18;;"métro A D, site, commerces";Oui;;41;69382
4.83293148796597;45.766767104563;0;1020;Terreaux / Chenavard;"11, Rue Chenavard";Côté place des Terreaux;Lyon 1 er;20;18;;Place des Terreaux;Oui;;42;69381
4.83428390597171;45.767041004811;0;1021;Terreaux / Beaux Arts;"8, Rue du Président Edouard Herriot";;Lyon 1 er;21;11;;Palais des Beaux Arts;Oui;;43;69381
4.82926950532075;45.7700015740911;0;1034;Carmélites;"Face 30, Montée des Carmélites";;Lyon 1 er;34;16;;;Oui;;44;69381
4.88554082427912;45.7413337186004;0;3024;Rockfeller / Esquirol;"35, Avenue Rockefeller";Intersection Rockfeller/Esquirol;Lyon 3 ème;24;19;;"tram, école d'infirmière, itinéraire cyclable";Oui;;45;69383
4.80271107916901;45.7561939286589;0;5016;Point du Jour / Granges;"49, Avenue du Point du Jour";;Lyon 5 ème;16;13;;Mairie de Lyon 5ème;Oui;;46;69385
4.81063175762027;45.7782780129806;0;4023;Pont Masaryk;"Face 45, Quai Joseph Gillet";Pont Masarik;Lyon 4 ème;23;22;;;Oui;;47;69384
4.87860085696238;45.7332717801444;0;8024;Mermoz / Michelet;"66, Avenue Jean Mermoz";Angle Boulevard Edmond Michelet;Lyon 8 ème;24;12;;"Cité des Entreprises, itinéraire cyclable";Oui;;48;69388
4.83213506219083;45.7677346863699;0;1001;Terreaux / Terme;"33, Rue Terme";Angle Rue d'Algérie;Lyon 1 er;1;16;;;Oui;;49;69381
4.80028792939364;45.773464565982;0;9020;Bourbonnais;"45, Rue du Bourbonnais";angle Rue Docteur Horand et Avenue Georges Masset;Lyon 9 ème;20;12;;maillage;Oui;;50;69389
4.8842705328109;45.764799169061;0;10064;4 août 1789;"97, Rue du 4 août 1789";Angle Rue Rollet;VILLEURBANNE;64;15;;"iti. Cyclable, associations sportives";Oui;;51;69266
4.86711492199288;45.7764535731413;0;10055;Condorcet / Galline;"Face 16, Avenue Galline";Angle avenue de Condorcet;VILLEURBANNE;55;15;;maillage (habitat dense);Oui;;52;69266
4.82764840108796;45.7797553671143;0;4004;Hénon;"60, Boulevard des Canuts";angle Rue Hénon;Lyon 4 ème;4;22;;"métro C, itinéraire cyclable";Oui;;53;69384
4.88424151324261;45.7688763179067;0;10059;Anatole France / Zola;"Face 145, Rue Anatole France";Angle Zola / France / Lherminier;VILLEURBANNE;59;13;;"stade de la Viabert, Carrefour, iti. Cyclable";Oui;;54;69266
4.8787495764626;45.7588589710479;0;10060;Saint Exupéry;"33, Avenue Antoine de Saint Exupéry";Face Rue Raymond Terracher;VILLEURBANNE;60;15;;"Commerces, marché, centre de quartier";Oui;;55;69266
4.852372782856;45.7696601321996;0;6007;Masséna;"47, Rue Tête d'Or";angle Cours Vitton;Lyon 6 ème;7;27;;métro A;Oui;;56;69386
4.86735329462592;45.7539631929671;0;3043;Place Rouget de L'Isle;Place Rouget de l'Isle;"Face 35, Avenue Lacassagne";Lyon 3 ème;43;16;;maillage;Oui;;57;69383
4.87734642987402;45.7559510292356;0;10024;Maisons Neuves;Place des Maisons Neuves;Côté rue Jean Jaurès;VILLEURBANNE;24;23;;"centre quartier, itinéraire cyclable";Oui;;58;69266
4.87989386727746;45.7668306064525;0;10027;Mairie de Villeurbanne;"3, Avenue Aristide Briand";En face de l'entrée de la mairie;VILLEURBANNE;27;26;;"Mairie de Villeurbanne, TNP, itinéraire cyclable";Oui;;59;69266
4.89384480955743;45.7738494367907;0;10030;Greuze;"2, Rue Greuze";;VILLEURBANNE;30;18;;centre social;Oui;;60;69266
4.88613386552362;45.7618201068859;0;10034;Docteur Damidot;"46, Rue du Docteur Damidot";Devant la MJC;VILLEURBANNE;34;18;;MJC;Oui;;61;69266
4.85915458576084;45.7743568286995;0;10036;Stalingrad;"123, Boulevard Stalingrad";angle rue Chaplin;VILLEURBANNE;36;21;;"entreprises, itinéraires cyclables";Oui;;62;69266
4.86677832802409;45.7790457737186;0;10038;Condorcet;Boulevard du 11 Novembre 1918;Croisement Tram;VILLEURBANNE;38;23;;"tram, itinéraire cyclable";Oui;;63;69266
4.89063459567278;45.7829835939928;0;10043;Salengro / Feyssine;"Face 44, Rue de la Feyssine";;VILLEURBANNE;43;20;;itinéraires cyclables;Oui;;64;69266
4.83283358305682;45.7660850668592;0;1005;Meissonier;Place Meissonier;Angle sud-est de la place;Lyon 1 er;5;16;;maillage;Oui;;65;69381
4.8850235984659;45.7711232449441;0;10047;Lherminier / Pressensé;"2, Avenue du Commandant Lherminier";Angle Rue Francis de Pressensé;VILLEURBANNE;47;15;;itinéraires cyclables;Oui;;66;69266
4.8759935561092;45.7591435230512;0;10048;Place Marengo;"54, Avenue Marc Sangnier";Angle Place Marengo;VILLEURBANNE;48;27;;"coeur quartier, itinéraire cyclable";Oui;;67;69266
4.8204716703055;45.7426115005544;0;2007;Patinoire Charlemagne;"100, Cours Charlemagne";Rue Casimir Périer;Lyon 2 ème;7;37;;"Patinoire Charlemagnes, Station tramway";Oui;Monté;68;69382
4.89158095142912;45.7794643121307;0;10039;Bouvier;"Face 2, Rue du Professeur Emile Bouvier";Angle rue du 8 Mai 1945;VILLEURBANNE;39;16;;coeur quartier;Oui;;69;69266
4.83428668834704;45.763076929567;0;2016;Place Regaud;Place Regaud;Angle rue Tupin / rue Herriot;Lyon 2 ème;16;12;;"maillage, Virgin";Oui;;70;69382
4.86569926844606;45.7722995938508;0;10075;Gabriel Péri;Rue Gabriel Péri;Angle cours André Philip;VILLEURBANNE;75;12;;;Oui;;71;69266
4.87916148913811;45.7681304002299;0;10079;Anatole France / Barbusse;"103, Rue Anatole France";Angle avenue Barbusse;VILLEURBANNE;79;20;;"marché, centre-ville";Oui;;72;69266
4.85198949891518;45.7733270382748;0;6006;Boulevard des Belges;"49, Boulevard des Belges";Face rue Duquenne;Lyon 6 ème;6;15;;Parc de la Tête d'Or;Oui;;73;69386
4.84949672378459;45.7684041683728;0;6011;Mairie du 6e;"58, Rue de Sèze";angle Rue Boileau;Lyon 6 ème;11;23;;Mairie du 6e;Oui;;74;69386
4.88963135017621;45.7698294895998;0;10086;Anatole France;Rue Anatole France;Angle Rue de Pressensé / Flachet;VILLEURBANNE;86;10;;"maillage, iti. Cyclable";Oui;;75;69266
4.84460363574836;45.7717570855734;0;6012;Place Puvis de Chavannes;Place Puvis de Chavannes;Angle rue Vendôme;Lyon 6 ème;12;10;;;Oui;;76;69386
4.8126762195854;45.7697822121574;0;9011;Conservatoire;"Face 40, Quai Chauveau";avant angle Pont Général Koenig;Lyon 9 ème;11;19;;Conservatoire National de musique;Oui;;77;69389
4.88059395817122;45.7481869061751;0;3051;Place Henri;Place Henri;"Face 5, Cours Docteur Long";Lyon 3 ème;51;13;;maillage;Oui;;78;69383
4.80530366512091;45.7756749996432;0;9003;Place Valmy;"1, Rue Roquette";angle Rue de Bourgogne;Lyon 9 ème;3;16;;"métro D, médiathèque";Oui;;79;69389
4.82901147742179;45.7633837102434;0;5026;Rue de la Baleine;"13, Quai romain Rolland";angle Rue de la Baleine;Lyon 5 ème;26;14;;Vieux Lyon;Oui;;80;69385
4.86643260090993;45.7450177556259;0;8007;Frères Lumière;Rue des Frères Lumières;angle rue Villon;Lyon 8 ème;7;15;;commerces;Oui;;81;69388
4.86428606575088;45.7742255397183;0;10072;Jacques Brel;"Face 4, Rue Jacques Brel";;VILLEURBANNE;64;23;;"Tram, habitat dense et quartier du Tonkin";Oui;;82;69266
4.83628897294204;45.7607097863131;0;2015;République / Stella;"1, Rue Stella";;Lyon 2 ème;15;27;;"commerces, parking";Oui;;83;69382
4.82214287043961;45.7444223014223;0;2028;Sainte-Blandine;"60, Cours Charlemagne";face station tram Ste Blandine;Lyon 2 ème;28;16;;tram;Oui;;84;69382
4.83320595563798;45.7620553014781;0;2025;Mercière / Ferrandière;"1, Rue Ferrandière";Angle Rue de Brest;Lyon 2 ème;25;10;;"restaurants de la rue Mercière, commerces";Oui;;85;69382
4.85632678135882;45.7729113974483;0;6003;Avenue Verguin;"Face 14, Avenue Verguin";devant l'entrée du parc;Lyon 6 ème;3;20;;"Parc de la Tête d'Or, lycée du Parc";Oui;;86;69386
4.82743212269104;45.7662717372986;0;5005;Saint-Paul;Place Saint-Paul;;Lyon 5 ème;5;23;;"Gare, coeur quartier, Vieux Lyon";Oui;;87;69385
4.83597069368682;45.7621739970215;0;2017;République / Ferrandière;"Face 30, Rue Ferrandière";Angle Rue de la République;Lyon 2 ème;17;25;;"métro A, commerces";Oui;;88;69382
4.83450094211128;45.777617376505;0;4005;Place Bertone;Rue du Chariot d'Or;Place Bertone;Lyon 4 ème;5;12;;coeur quartier;Oui;;89;69384
4.82656505039726;45.7604837438978;0;5004;Saint-Jean;"2, Place Edouard Commette";;Lyon 5 ème;4;39;;"funiculaire, coeur quartier, Vieux Lyon";Oui;;90;69385
4.84826655970835;45.7596453088344;0;3004;Bourse du travail;"Face 74, Rue de la Part-Dieu";Face place eugène Varlin;Lyon 3 ème;4;27;;"métro B, coeur quartier";Oui;;91;69383
4.84645322594851;45.7588152050466;0;3088;Place Guichard;"65, Rue Moncey";;Lyon 3 ème;88;16;;"Métro, tram, palais justice, bourse du travail";Oui;;92;69383
4.84448967548905;45.7599809590692;0;3031;Corneille / Servient;"126, Rue Pierre Corneille";Angle Rue Servient;Lyon 3 ème;31;13;;tram;Oui;;93;69383
4.82166179835163;45.7520011769433;0;5015;Fulchiron;"4, Quai Fulchiron";;Lyon 5 ème;15;19;;maillage;Oui;;94;69385
4.85348079711666;45.7571028581682;0;3037;Paul Bert / Garibaldi;"209, Rue Paul Bert";Face place des Martyrs de la Résistance;Lyon 3 ème;37;20;;maillage (piscine Garibaldi);Oui;;95;69383
4.83579879993459;45.7598862786474;0;2035;Childebert / Rivière;"2, Rue Marcel-Gabriel Rivière";Place de la République;Lyon 2 ème;35;23;;"Commerces, hôtel Dieu, place, Parking";Oui;;96;69382
4.84476493884258;45.7688513697594;0;6004;Foch;"11, Cours Franklin Roosevelt";Angle rue Vendôme;Lyon 6 ème;4;20;;"métro A, coeur quartier";Oui;;97;69386
4.82353267323631;45.7455815521805;0;2006;Place de l'Hippodrome;Place de l'Hippodrome;Angle Cours Charlemagne;Lyon 2 ème;6;24;;coeur quartier;Oui;;98;69382
4.81313495281075;45.7579063089064;0;5007;Place de Trion;Place de Trion;Angle rue de Trion et place de Trion;Lyon 5 ème;7;16;;"Place de Trion, St Just, commerces";Oui;;99;69385
4.8557101486888;45.752592143714;0;3039;Place Bir-Hakeim;"Face 2, Place Bir-Hakeim";Angle Rue Julien Duvivier;Lyon 3 ème;39;19;;maillage;Oui;;100;69383
4.88728572321929;45.7495170788471;0;3012;Place du Château;Place du Château;A côté de l'Eglise;Lyon 3 ème;12;25;;coeur de quartier;Oui;;101;69383
4.8268908354867;45.7512270521823;0;2022;Place Carnot;Place Carnot;angle rue Général Plessier;Lyon 2 ème;22;30;;Place Carnot;Oui;;102;69382
4.85890836737005;45.7572314152351;0;3038;Vivier Merle / Paul Bert Est;"65, Boulevard Vivier Merle";angle rue Paul Bert;Lyon 3 ème;38;20;;CAFAL;Oui;Monté;103;69383
4.8967695846255;45.7691684753851;0;10049;Pressensé;"294, Rue Francis de Préssensé";;VILLEURBANNE;49;16;;Collège Les Iris;Oui;;104;69266
4.82776522186418;45.7742004407;0;4002;Mairie du 4e;"133, Boulevard de la Croix Rousse";devant la mairie du 4ème;Lyon 4 ème;2;20;;mairie;Oui;;105;69384
4.83470728245108;45.7797251519676;0;4003;Place Commandant Arnaud;Place Commandant Arnaud;angle rue Belfort;Lyon 4 ème;3;17;;coeur quartier;Oui;;106;69384
4.82130764597298;45.7734801071979;0;4006;Philippe de Lassalle;Rue Philippe de Lassalle;Angle Rue Anselme;Lyon 4 ème;6;23;;IUFM;Oui;Monté;107;69384
4.82030319844145;45.7793264516607;0;4007;Place Flammarion;Place Flammarion;côté Rue Philippe de Lassalle;Lyon 4 ème;7;18;;maillage;Oui;;108;69384
4.88046225223826;45.7692274364669;0;10011;Gratte-Ciel;"174, Cours Emile Zola";Angle Rue Paul Verlaine;VILLEURBANNE;11;16;;"métro A, itinéraire cyclable";Oui;;109;69266
4.9011328928203;45.7650422669277;0;10013;Cusset;"13, Rue Pierre Voyant";;VILLEURBANNE;13;20;;"métro A, centre quartier";Oui;;110;69266
4.88072240462774;45.7618051903303;0;10018;Tolstoï / Florian;"4, Rue Florian";114 Cours Tolstoï;VILLEURBANNE;18;21;;itinéraire cyclable;Oui;;111;69266
4.87396620986898;45.7675343020076;0;10028;Ecole de musique;"49, Cours de la République";Angle Anatole France;VILLEURBANNE;28;24;;Conservatoire (A. France = itinéraire cyclable);Oui;;112;69266
4.88712372005919;45.7680704202146;0;10012;Zola / France;"230, Cours emile Zola";Angle cours Emile Zola;VILLEURBANNE;12;16;;"IUT maison des sports, maison de l'image, centre culturel";Oui;;113;69266
4.86003796631299;45.7314272671118;0;8042;Francis de Pressenssé;"74, Rue Paul Cazeneuve";Angle Avenue Francis de Pressenssé;Lyon 8 ème;38;22;;Quartier d'habitation;Oui;;114;69388
4.85024742721997;45.7530043530221;0;3029;Place Aristide Briand;"Face 303, Rue Duguesclin";Angle Gambetta;Lyon 3 ème;29;38;;itinéraires cyclables;Oui;;115;69383
4.78877412110312;45.750481483431;0;5045;Valdo / Rivet;Rue Jeunet;;Lyon 5 ème;45;18;;Maillage;Oui;;116;69385
4.79271430810799;45.7638977674248;0;5054;Champvert;"192, Avenue Barthélémy Buyer";;Lyon 5 ème;54;18;;"Centre social, marché";Oui;;117;69385
4.80758041425189;45.7709906411449;0;9040;Place de la Rhodiacéta;"53, Rue Chapeau Rouge";;Lyon 9 ème;40;12;;"ANPE, bureaux, enseignement secondaire";Oui;;118;69389
4.80515800301495;45.7701340720176;0;9049;Sergent Berthet / Gorge de Loup;"6, Rue Gorge de Loup";;Lyon 9 ème;49;16;;"Commerces, coeur de quartier";Oui;;119;69389
4.86733382869374;45.7707410676207;0;10046;Charmettes / Zola;"25, Rue des Charmettes";Angle cours Emile Zola;VILLEURBANNE;46;23;;"maillage, arrêt C3 ?";Oui;;120;69266
4.79973766097001;45.7760850428763;0;9043;Marietton Ouest;"Face 77b, Rue Marietton";;Lyon 9 ème;43;20;;Maillage;Oui;;121;69389
4.80090048324114;45.7704769200646;0;9044;Masset / Saint-Pierre de Vaise;"86, Rue Saint Pierre de Vaise";Angle Avenue Joannès Masset;Lyon 9 ème;44;16;;"Activités, maillage";Oui;;122;69389
4.79645034875755;45.7710182884515;0;9010;Piscine de Vaise;"52, Rue Sidoine Apollinaire";;Lyon 9 ème;10;19;;Piscine d'hiver de Vaise;Oui;;123;69389
4.80275989034438;45.7620132943614;0;5055;Buyer / Apollinaire;"103, Avenue Barthélémy Buyer";;Lyon 5 ème;55;22;;Centre commercial;Oui;;124;69385
4.80562769951928;45.7673654785191;0;9033;Gorge de Loup;49 bis Esplanade Lina Cretet;Rue Sergent Michel Berthet;Lyon 9 ème;33;40;;Lycée professionnel;Oui;;125;69389
4.84504825349964;45.7503447975739;0;7053;Jaurès / Thibaudière;"Face 27, Rue de la Thibaudière";Avenue Jean Jaurès;Lyon 7 ème;53;28;;Maillage;Oui;;126;69387
4.87281738753605;45.7351509957905;0;8004;Mairie du 8e;"Face 29, Avenue Jean Mermoz";;Lyon 8 ème;4;21;;Mairie du 8e;Oui;;127;69388
4.8716789632578;45.7452926164535;0;8002;Place Ambroise Courtois;Place Ambroise Courtois;Face 107 Cours Albert Thomas;Lyon 8 ème;2;20;;"Métro D, Institut Lumière, Place et avenue des frères Lumière";Oui;;128;69388
4.87730593439424;45.7285181510161;0;8021;Paul Santy;"101, Avenue Paul Santy";;Lyon 8 ème;21;16;;itinéraire cyclable;Oui;;129;69388
4.86088717514438;45.7444461798116;0;8025;Dumont / Jouvet;"16, Rueue Santos Dumont";;Lyon 8 ème;25;17;;maillage;Oui;;130;69388
4.85240018397892;45.7386358835747;0;8039;Pierre Delore;"Face 2, Rue Pierre Delore";;Lyon 8 ème;39;20;;Habitat;Oui;;131;69388
4.87695502500541;45.7822165054531;0;10002;INSA;Avenue Albert Einstein;au niveau du virage de l'avenue;VILLEURBANNE;2;40;;"INSA, tram, itinéraires cyclables";Oui;;132;69266
4.87314108788078;45.7636407030235;0;10025;Totem;"40, Cours Tolstoï";;VILLEURBANNE;25;16;;Centre Quartier;Oui;;133;69266
4.85952335379158;45.7767057578019;0;10054;Stalingrad / Meliès;"2, Rue Georges Meliès";;VILLEURBANNE;54;24;;"centre de congrès, bureaux";Oui;;134;69266
4.89242864138455;45.7670909450657;0;10058;Métro Flachet;"276, Cours Emile Zola";;VILLEURBANNE;58;22;;métro A;Oui;;135;69266
4.89569021996136;45.7615279698756;0;10071;Lycée Marie Curie;"33, Boulevard Eugène Réguillon";;VILLEURBANNE;71;15;;"lycée, quartier";Oui;;136;69266
4.80778505415194;45.7550310886453;0;5030;Charcot / Résidence universitaire;"Face 30, Rue Cdt Charcot";Angle Fort St Irénée/rue Cdt Charcot;Lyon 5 ème;30;32;;"Résidence universitaire, marché";Oui;;137;69385
4.81242122484574;45.754945881074;0;5008;Sainte-Irénée;Place Sainte Irénée;Rue des Chevaucheurs;Lyon 5 ème;8;20;;"Place, résidence universitaire";Oui;;138;69385
4.87295938886729;45.7707838400684;0;10061;République;"105, cours Emile Zola";;VILLEURBANNE;61;17;;métro;Oui;;139;69266
4.87246550496348;45.7614496449619;0;10073;Institut d'Art contemporain;"21, Rue Docteur Dolard";Angle Rue du 4 Septembre 1797;VILLEURBANNE;73;25;;Nouveau Musée D'Art Contemporain;Oui;;140;69266
4.8766904175328;45.7700978432658;0;10074;Zola / Passage Rey;"141, Cours Emile Zola";Angle Passage Rey;VILLEURBANNE;74;19;;"Salle de gym des Gratte-Ciel, centre-ville";Oui;;141;69266
4.85340997500186;45.7324819782408;0;8057;Vienne / Montagny;184 route de Vienne;;Lyon 8 ème;57;20;;Maillage;Oui;;142;69388
4.88953892636942;45.7353725112499;0;8059;Laënnec / Pinel;Rue Paradin;;Lyon 8 ème;59;15;;Jardin public;Oui;;143;69388
4.89395911410137;45.7419115491077;0;3090;Vinatier;"95, Boulevard Pinel";;Lyon 3 ème;90;20;;Hôpital le Vinatier;Oui;;144;69383
4.89426747171209;45.7525394294913;0;3102;Docteur Long / Aubépins;"2, Rue de la Caille";;Lyon 3 ème;102;16;;Maillage;Oui;;145;69383
4.82108664154825;45.7583623960293;0;5050;Théâtre Romain;"6, Rue de l'Antiquaille";;Lyon 5 ème;50;12;;"Théâtre antique, lycée";Oui;;146;69385
4.83016995541606;45.7594863490351;0;2036;Place Antonin Gourju;Place Antonin Gourju;;Lyon 2 ème;36;30;;"Commerces, place Bellecour,";Oui;;147;69382
4.81890644829197;45.7559666422451;0;5053;Saint-Just;"Face 8, Rue de Trion";;Lyon 5 ème;53;18;;"Coeur de quartier, commerces, jardin public, lycée";Oui;;148;69385
4.82473448931599;45.7518482427555;0;2042;Joffre / Vaubecour;"43, Rue Vaubecour";;Lyon 2 ème;42;20;;"Centre-ville, entrée zone 30";Oui;;149;69382
4.8044009888454;45.75344434356;0;5047;Albéric Pont;"2, Rue Docteur Albéric Pont";;Lyon 5 ème;47;16;;"Gymnase, Terrain de sports, collège";Oui;;150;69385
4.82610545169229;45.7578416796382;0;5040;Place Crépu;"127, Quai Fulchiron";;Lyon 5 ème;40;20;;"Vieux Lyon, Parking";Oui;;151;69385
4.83207161138638;45.7599398325897;0;2013;Célestins;"Face 2, Place des Célestins";"Côté nord de la place, vers l'ascenseur";Lyon 2 ème;13;22;;théâtre;Oui;;152;69382
4.82023024229826;45.7665803442908;0;5041;L'Homme de la Roche;"Face 56, Quai Pierre Scize";;Lyon 5 ème;41;21;;"Itinéraire cyclable, commerces, coeur de quartier";Oui;;153;69385
4.88904203550089;45.7453008083142;0;3089;Trarieux / Lacassagne;"221, Avenue Lacassagne";;Lyon 3 ème;89;24;;Ecole d'infirmière;Oui;;154;69383
4.88129489220966;45.7254037172008;0;8061;Stade Vuillermet;"186, Avenue Paul Santy";;Lyon 8 ème;61;18;;"Stade, commerces";Oui;;155;69388
4.83430422853589;45.7607516950582;0;2014;Jacobins;"1, Rue Jean de Tournes";;Lyon 2 ème;14;26;;"Coeur quartier, commerces, site";Oui;;156;69382
4.90529918937353;45.7541767015908;0;10115;Place d'Espagne / Stade Kruger;"143, Avenue Paul Kruger";;VILLEURBANNE;115;22;;Stade;Oui;;157;69266
4.89233360718211;45.7645636665294;0;10117;La Perralière;171 rue Léon Blum;;VILLEURBANNE;117;22;;"Centre de quartier, commerces";Oui;;158;69266
4.83301108468594;45.7544732763091;0;2041;Sala / Charité;"41, Rue Sala";;Lyon 2 ème;41;21;;Centre-ville;Oui;;159;69382
4.91464300868463;45.7520997282193;0;10016;Place de la paix;"10, place de la Paix";;VILLEURBANNE;16;17;;"Maillage, espace public, centre quartier";Oui;;160;69266
4.82762170447115;45.7682183165922;0;1013;Martinière;Rue de la Martinière;Au niveau de la place Saint Vincent;Lyon 1 er;13;11;;Maillage;Oui;;161;69381
4.8339617941232;45.7317535548178;0;7005;Debourg;"259t, Avenue Jean Jaurès";;Lyon 7 ème;5;20;;"Métro B, ENS lettres, bibliothèque";Oui;;162;69387
4.8142456674237;45.770389430222;0;4001;Conservatoire bis;"1, Quai Joseph Gillet";;Lyon 1 er;1;22;;"Conservatoire, logements";Oui;;163;69381
4.86313272236022;45.7702267691494;0;10006;Charpennes;Place Charles Hernu;;VILLEURBANNE;6;46;;"métro A B, tram, centre quartier, itinéraire cyclable";Oui;;164;69266
4.82057825753156;45.7924777385859;0;9041;Carret / Sédaillan;"30, Quai Paul Sédaillan";;Lyon 9 ème;41;18;;"Activités, logement, maillage";Oui;;165;69389
4.82904635336346;45.7974121962714;0;9008;L'Ile Barbe;"3, Quai Paul Sédallian";;Lyon 9 ème;8;16;;"Mairie annexe, Ile Barbe, coeur quartier, Poste, commerces";Oui;;166;69389
4.82060004612759;45.7817001067679;0;4042;Grégory Coupet;"79, Rue Philippe De Lassalle";;Lyon 4 ème;42;16;;Stade;Oui;;167;69384
4.91080670866867;45.7579070732361;0;10114;Bel Air / Les Brosses;Avenue de Bel Air;;VILLEURBANNE;114;20;;"Tramway, piste cyclable";Oui;;168;69266
4.83281500876046;45.7743716157555;0;1036;Aveyron;44 Bd de la Croix Rousse;;Lyon 1 er;36;17;;"Ecole, renforcement 4022";Oui;;169;69381
4.83506254529141;45.7755023590486;0;4041;Boussange / Austerlitz;"17, rue d'Austerlitz";;Lyon 4 ème;41;18;;"Renforcement 4022, commerces";Oui;;170;69384
4.83791179292647;45.7722014692572;0;1035;Quai Lassagne;"3, Quai André Lassagne";;Lyon 1 er;35;16;;Maillage;Oui;;171;69381
4.8565116142349;45.7848181552654;0;6042;Cité Internationale - Résidence hôtelière;Allée Achille Lignon;"Face 35, Quai Charles de Gaulle";Lyon 6 ème;42;28;;"Amphithéâtre, bureaux, résidence hôtelière";Oui;;172;69386
4.85963914713868;45.7846110498866;0;6041;Cité Internationale - Tête d'Or Nord;Allée Achille Lignon;;Lyon 6 ème;41;22;;"Parc, Amphithéâtre";Oui;;173;69386
4.85907055673834;45.7684122613765;0;6008;Place Jules Ferry;"17, Rue des Emeraudes";Place Jules Ferry;Lyon 6 ème;8;20;;"Métro, parking, place, restaurants";Oui;;174;69386
4.86149658594011;45.7577645564235;0;3094;Villette;"74, Rue de la Villette";;Lyon 3 ème;94;38;;"Etablissements publics, bureaux";Oui;;175;69383
4.86544165919535;45.7569549747275;0;3099;Place Sainte Anne;"2, Place Saint Anne";;Lyon 3 ème;99;18;;"Coeur de quartier, commerces";Oui;;176;69383
4.86876877080419;45.7528275113151;0;3100;Sisley /  Dauphiné;"4, Rue Professeur Paul Sisley";;Lyon 3 ème;100;17;;"Jardin public, tramway";Oui;;177;69383
4.85757437260103;45.7548124485154;0;3103;Place Danton;"4, Place Danton";Angle Rue Danton;Lyon 3 ème;103;18;;"Commerces, bureau";Oui;;178;69383
4.846118173435;45.7575642739996;0;3082;Saxe / Moncey;"Face 119, Avenue Maréchal de Saxe";;Lyon 3 ème;82;28;;"Coeur de quartier, DDE";Oui;;179;69383
4.90594543961647;45.7605212388029;0;10116;Blum / Faÿs;"171, Rue Léon Blum";;VILLEURBANNE;116;16;;"Square, commerces, lycée technique";Oui;;180;69266
4.9005991607434;45.767153312728;0;10118;Voyant / Chambord;"92, Rue Voyant";;VILLEURBANNE;118;22;;"Commerces, centre social";Oui;;181;69266
4.84632061822409;45.7525809002149;0;7008;Jean Jaurès / Guillotière;"17, Avenue Jean Jaurès";angle Rue de la Guillotière;Lyon 7 ème;8;10;;maillage;Oui;;182;69387
4.86200249892117;45.7703105281292;0;10111;Charles Hernu;"110, Cours Vitton";;Lyon 6 ème;46;20;;"Métro, Tram";Oui;;183;69386
4.79916034097263;45.7893151875845;0;9052;Balmont;"332, Boulevard de Balmont";;Lyon 9 ème;52;12;;Commerces;Oui;;184;69389
4.87127311041049;45.7835136793199;0;10084;Doua / Avenue des Arts;"2, Avenue des Arts";;VILLEURBANNE;84;30;;Campus de la Doua;Oui;;185;69266
4.87740423257663;45.7844851872384;0;10103;Doua / Rue des sports;Rue des Arts;;VILLEURBANNE;103;30;;"Tennis, stade, piscine";Oui;;186;69266
4.87122232135735;45.7809940664741;0;10102;Doua / Gaston Berger;Avenue Gaston Berger;;VILLEURBANNE;102;30;;"Tramway, itinéraires cyclabels, amphis";Oui;;187;69266
4.8824104015349;45.7856324623545;0;10001;IUT - Feyssine;Rue de la Technologie;;VILLEURBANNE;1;30;;"IUT, tramway";Oui;;188;69266
4.88026309125781;45.7753988102814;0;10080;Vaillant / Perroncel;"45, Rue Edouard Vaillant";Angle Rue Alexis Perroncel;VILLEURBANNE;80;17;;"Maillage, itinéraire cyclable";Oui;;189;69266
4.88534891893802;45.7544402430766;0;10112;Place de la Reconnaissance;"109, Route de Genas";;VILLEURBANNE;112;32;;"MJC, espace public, maillage";Oui;;190;69266
4.90069696832092;45.7606037573682;0;10087;Baratin;"76, Rue Pierre Baratin";;VILLEURBANNE;87;12;;"Terrain de sport, quartier";Oui;;191;69266
4.89870314279624;45.7660587436589;0;10088;4 août 1789 / Pressensé;"243, Cours Emile Zola";;VILLEURBANNE;88;19;;maillage;Oui;;192;69266
4.88424428577284;45.7778649152536;0;10083;Château Gaillard / Bienvenus;"Face 31, Rue des Bienvenus";;VILLEURBANNE;83;15;;;Oui;;193;69266
4.90047953036513;45.7631587956906;0;10035;Boiron Grangé;"45, Rrue Pierre Baratin";Rue Réguillon;VILLEURBANNE;35;16;;"stade, complexe sportif Boiron Grangé";Oui;;194;69266
4.87407579958389;45.7794214867087;0;10101;Einstein / 11 novembre 1918;Bd 11 nov 1918;;VILLEURBANNE;101;34;;"résidence étudiante, maillage";Oui;;195;69266
4.84205069934951;45.7467662258474;0;7055;Servant / Jaboulay;"30, Rue Renan";;Lyon 7 ème;55;16;;"Métro B, future halte TER, coeur quartier, mairie";Oui;;196;69387
4.90981821970443;45.7651240553554;0;10014;Laurent Bonnevay / Astroballe;Rue du Sytral;;VILLEURBANNE;14;28;;"Gare, métro";Oui;;197;69266
4.88797131728741;45.7747495364239;0;10091;Château Gaillard / Fort;"28, Rue Louis Fort";;VILLEURBANNE;91;16;;maillage;Oui;;198;69266
4.87405232669433;45.7744984646734;0;10089;Colin / Perroncel;"22, Rue colin";;VILLEURBANNE;89;15;;"Commerces, Itinéraire Cyclable";Oui;;199;69266
4.79553109316586;45.7496172707889;0;5036;La Salette;"104, Rue Commandant Charcot";;Lyon 5 ème;32;15;;"Habitations, commerces";Oui;;200;69385
4.86290216902877;45.779408313608;0;10053;Rossellini / 11 Novembre;"29, Boulevard du 11 Novembre 1918";;VILLEURBANNE;53;30;;"BRGM, ENSSIB";Oui;;201;69266
4.89886566289764;45.7529723995868;0;10041;Kimmerling;"41, Route de Genas";;VILLEURBANNE;41;16;;"Maillage, espace public";Oui;;202;69266
4.83760843673107;45.7696005888254;0;1022;Place Tolozan;Place Tolozan;Angle nord-est de la place;Lyon 1 er;22;36;;"Opéra, Métro A, métro C, mairie centrale";Oui;;203;69381
4.82984412575203;45.7492533954914;0;2039;Charité / Récamier;"86, Rue de la Charité";;Lyon 2 ème;39;17;;"Lycée, tramway, commerces";Oui;;204;69382
4.83639168535633;45.7672004172203;0;1032;Pizay;"Face 22, Rue Pizay";;Lyon 1 er;32;22;;;Oui;;205;69381
4.82486172800932;45.7479691410902;0;2037;Place des Archives;"18, Rue Dugas Montbel";;Lyon 2 ème;37;40;;;Oui;;206;69382
4.86528578303152;45.7472487338215;0;8035;Sans Souci;"18, Rue Edouard Rochet";;Lyon 8 ème;35;20;;"Métro D, Institut Lumière, Place des frères Lumière";Oui;;207;69388
4.841069562211;45.7787675773143;0;4012;Place Adrien Godien;"38, Cours d'Herbouville";Terre plein central;Lyon 4 ème;12;30;;maillage;Oui;;208;69384
4.82053847071145;45.7774206479391;0;4014;Philippe de Lassalle / Pillement;"Face 38, Rue Philippe de Lassalle";angle Rue Pillement;Lyon 4 ème;14;13;;maillage;Oui;;209;69384
4.83255392075439;45.7760751390864;0;4022;Place de la Croix-Rousse;Place de la Croix-Rousse;A proximité de la Grande Rue;Lyon 4 ème;22;21;;"Place de le Croix-Rousse, commerces, Métro";Oui;;210;69384
4.84377734051919;45.7637594783419;0;6031;Lafayette / Corneille;"64, Rue Pierre Corneille";angle Cours Lafayette;Lyon 6 ème;31;13;;maillage;Oui;;211;69386
4.78814888398559;45.7546405115265;0;5031;Ménival / Joliot Curie;Rue Joliot Curie;;Lyon 5 ème;31;20;;Maillage;Oui;;212;69385
4.86839504019714;45.7578296698746;0;3085;Sacré Coeur;"68, Rue Antoine Charial";;Lyon 3 ème;85;16;;"Gymnase, piscine, lycée, jardin public, sacré coeur";Oui;;213;69383
4.8178899295525;45.7754224668985;0;4025;Chazière;"25, Rue Chazière";;Lyon 4 ème;25;20;;"Parc Cerisaie, habitations";Oui;;214;69384
4.81981665742037;45.7678957694769;0;1006;Subsistances;14 quai Saint Vincent;;Lyon 1 er;6;22;;Les Subsistances;Oui;;215;69381
4.85119610778237;45.745963728885;0;7052;Parc Blandan;"37, Rue du Repos (entrée parc Blandan)";;Lyon 7 ème;25;25;;Parc Sergent Blandan;Oui;;216;69387
4.82359702396374;45.791670182604;0;11003;Caluire / La Rochette;Place de la Rochette;;CALUIRE-ET-CUIRE;3;20;;;Oui;;217;69034
4.8134162571604;45.7746311098017;0;4026;Birmingham;Avenue de Birmingham;Tunnel Mode doux de la Croix-Rousse;Lyon 4 ème;26;20;;;Oui;;218;69384
4.81892031353667;45.7333083359278;0;2020;Musée des Confluences;Pont Raymond Barre;Parvis du Musée des Confluences;Lyon 2 ème;20;20;;Musée des Confluences;Oui;;219;69382
4.87592395955083;45.7483207051237;0;3050;Friche RVI;"5, Rue Félix Rollet";;Lyon 3 ème;50;20;;ancienne friche RVI;Oui;Monté;220;69383
4.86308624982863;45.7606085556441;0;3081;Part-Dieu / Francfort;Rue Maurice Flandin;Place de Francfort;Lyon 3 ème;81;28;;Gare routière de Lyon Part-Dieu;Oui;Monté;221;69383
4.84706200028546;45.7637960125263;0;6033;Créqui / Lafayette;"153, Rue de Créqui";Angle avec Cours Lafayette;Lyon 6 ème;;15;;Part-Dieu;Oui;;222;69386
4.84367508189202;45.7548790164649;0;7001;Place Gabriel Péri;"4, Place Gabriel Péri";"En face du mur peint, devant la Poste";Lyon 7 ème;1;20;;"métro D, tram, coeur quartier, commerces";Oui;;223;69387
4.845193598695;45.7609213906399;0;3017;Saxe / Dunoir;"5, Rue Dunoir";Angle Avenue Maréchal de Saxe;Lyon 3 ème;;37;;marechal_saxe_dunoir;Oui;;224;69383
4.85267899064733;45.7607774131537;0;3015;Servient / Garibaldi;"Face 112, Rue Servient";Place Charles de Gaulle;Lyon 3 ème;15;17;;"tram, cité administrative";Oui;;225;69383
4.85340444740993;45.7547065642496;0;3034;Garibaldi / Pensionnat;"52, Rue du Pensionnat";;Lyon 3 ème;104;30;;Lyon 3ème arrondissement;Oui;;226;69383
4.82555918518477;45.7826362574796;0;4008;Clos Savaron;"10, Rue Clos Savaron";Face au n°19;Lyon 4 ème;;20;;deleuvre;Oui;;227;69384
4.80781372226459;45.7730995725331;0;9029;Saint Pierre de Vaise;Place Vanderpol;angle Rue Saint-Pierre de Vaise;Lyon 9 ème;29;15;;coeur de quartier;Oui;;228;69389
4.83738209027367;45.7276967807767;0;7026;Baldassini / Gerland;"25, Rue Jean Baldassini";;Lyon 7 ème;68;20;;baldassini_gerland;Oui;;229;69387
4.84378640469111;45.7519114393107;0;7036;Gryphe / Montesquieu;"37, Rue Sébastien Gryphe";Rue Montesquieu;Lyon 7 ème;65;25;;Lyon 7ème arrondissement;Oui;;230;69387
4.80729635880228;45.7828282303757;0;9015;Saint-Cyr;"51t, Rue de Saint-Cyr";;Lyon 9 ème;;30;;saint_cyr_rhin;Oui;;231;69389
4.81634939179424;45.7904088071307;0;9046;Mangini;"12, Rue Félix Mangini";Face au n°9;Lyon 9 ème;;24;;plasson_chaize;Oui;;232;69389
4.87792062630033;45.7644829391732;0;10019;4 Août / Racine;"37, Rue du 4 Août 1789";;VILLEURBANNE;;30;;;Oui;;233;69266
4.87149646318962;45.7790639863242;0;10056;11 novembre / Gaston Berger;Avenue du 11 novembre 1918;Angle Avenue Gaston Berger;VILLEURBANNE;56;35;;"resto U, associations, logements étudiants, iti. Cyclable";Oui;;234;69266
4.86465038412167;45.7499462288418;0;3069;Dauphiné / Saint-Maximin;"10, rue du Dauphiné";;Lyon 3 ème;;30;;Lyon 3ème arrondissement;Oui;;235;69383
4.85296550501578;45.7495788810534;0;7038;Place Stalingard;Place Stalingrad;Angle avec Grande Rue de la Guillotière;Lyon 7 ème;38;13;;maillage;Oui;;236;69387
4.85162737005828;45.7477327368805;0;7062;Garibaldi / Domer;"Face 327, Rue Garibaldi";Angle Rue Domer;Lyon 7 ème;62;19;;"Lycée Professionnel, CROUS";Oui;;237;69387
4.85418194123641;45.7296761340646;0;8020;Moulin à Vent;2 Rue du Moulin à Vent;angle route de Vienne;Lyon 8 ème;20;22;;"Commerces, itinéraire cyclable, coeur de quartier";Oui;;238;69388
4.8622869000872;45.7628598508923;0;3006;Villette / St-Antoine;"Face 1, Rue Saint Antoine";angle avec rue de la Villette;Lyon 3 ème;;23;;Lyon 3ème arrondissement;Oui;;239;69383
4.86591325445573;45.7639360244317;0;6017;Lafayette / Inkermann;Face au 92b Rue d'Inkermann;;Lyon 6 ème;;30;;lafayette_inkerman;Oui;;240;69386
4.86209227820075;45.7659879833824;0;6016;Viabert / Thiers;Rue de la Viabert;angle avenue Thiers;Lyon 6 ème;16;16;;"tram, itinéraire cyclable";Oui;;241;69386
4.84195933544129;45.7731863072103;0;6025;Place d'Helvétie;Place d'Helvétie;;Lyon 6 ème;;30;;Lyon 6ème arrondissement;Oui;;242;69386
4.86549431255279;45.7373337133711;0;8033;Berthelot / Cazeneuve;11 Rue Paul Cazeneuve;;Lyon 8 ème;;20;;cazeneuve_berthelot;Oui;;243;69388
4.87973737712918;45.7362679934923;0;8050;Bataille / Krüger;"Face au 140, Rue Bataille";;Lyon 8 ème;;18;;bataille_kruger;Oui;;244;69388
4.85305433339922;45.7879516402911;0;11005;Caluire - Passerelle de la Paix;Chemin Wette Fays;Face à la Rue de la Gravière;CALUIRE-ET-CUIRE;;25;;Caluire-et-Cuire;Oui;;245;69034
4.85486107755853;45.7084437290322;0;17002;Saint Fons - 4 chemins;Place des Quatre Chamins;Face au 47 Rue Charles Plasse;SAINT-FONS;;11;;Saint-Fons;Oui;;246;69199
4.84570000018856;45.8354059997715;0;28002;Fontaines S/S - Gambetta;Place des Rendez vous;;FONTAINES-SUR-SAONE;;20;;;Oui;;247;69088
4.84417787201019;45.7294551265971;0;7025;Lacour / Artillerie;Rue Challemel Larcour;;Lyon 7 ème;67;20;;;Oui;;248;69387
4.90872068186794;45.7339455296301;0;14004;Bron - Mairie;"5, Rue de Verdun";;BRON;;23;;mairie_bron;Oui;;249;69029
4.84700375386353;45.8308539622467;0;27001;Collonges - Gare;"2, Quai de la Libération";;COLLONGES-AU-MONT-D'OR;;24;;;Oui;;250;69063
4.80654433411135;45.7140014190253;0;20002;Oullins - Mairie;"4, Rue Etienne Dolet";;OULLINS;;18;;mairie_oullins;Oui;;251;69149
4.88270812074218;45.7595776564179;0;10110;Mémoire et Société;Rue Hauy;;VILLEURBANNE;110;24;;"Mémoire et société, itinéraire cyclable";Oui;;252;69266
4.92060394568861;45.7608131946829;0;12001;Vaulx - La Soie;Rue de la Poudrette;;VAULX-EN-VELIN;1;25;;Pôle multimodal de la Soie;Oui;;253;69256
4.80956030296417;45.7738201179439;0;9032;Place du Port Mouton;Place du Port Mouton;Quai Arloing;Lyon 9 ème;32;18;;;Oui;;254;69389
4.84049913754249;45.7571997023265;0;3097;Augagneur / Fosse aux Ours;"28, Quai Victor Augagneur";;Lyon 3 ème;97;40;;"Commerces, quartier, point nodal (Guillotière, 7e,";Oui;;255;69383
4.79707090233101;45.7865247393491;0;9051;Andréi Sakharov;301 avenue A.Sakharov;;Lyon 9 ème;51;12;;"Stade, lycée";Oui;;256;69389
4.83416887507464;45.7431645419377;0;7030;Quartier Général Frère;"31, Boulevard Yves Farge";;Lyon 7 ème;30;30;;"Parc d'activités, logement, projet cyclable";Oui;;257;69387
4.85190810645404;45.7847015036764;0;6043;Cité Internationale - Cinéma;"80, Quai Charles de Gaulle";;Lyon 6 ème;43;32;;"Cinémas, commerces";Oui;;258;69386
4.83371342158913;45.7857755308468;0;11001;Caluire - Gare de Cuire;"2, Rue Claude Baudrand";;CALUIRE-ET-CUIRE;1;18;;"Métro, centre quartier";Oui;;259;69034
4.84784212229355;45.7854707644412;0;11002;Caluire - Saint-Clair;48 cours Aristide Briand;;CALUIRE-ET-CUIRE;2;20;;"Commerces, centre de quartier";Oui;;260;69034
4.85757303141421;45.7598976512354;0;3011;Part-Dieu / Cuirassiers;Rue des Cuirassiers;angle Rue Bouchut;Lyon 3 ème;10;59;;"centre commercial, bibliothèque de la Part-Dieu";Oui;;261;69383
4.8594164128822;45.7400516465033;0;8010;Place Mendès France;"93, Avenue de l'Europe";;Lyon 8 ème;10;20;;"Tramway, place, Commerces";Oui;;262;69388
4.88808250759335;45.7404860034672;0;3071;BioParc;"60, Avenue Rockefeller";;Lyon 3 ème;71;20;;"Pôle d'habitation, Bio Parc, Faculté de Médecine";Oui;;263;69383
4.84030738862286;45.7398132348897;0;7031;Jaurès / Gerland;"45, Rue de Gerland";;Lyon 7 ème;31;20;;Complexe sportif Benjamin Delessert;Oui;;264;69387
4.85899216731256;45.7669095802663;0;6001;Gare des Brotteaux;Place Jules Ferry;;Lyon 6 ème;1;16;;"Places Jules Ferry, Métro B, Parking, restaurants";Oui;;265;69386
4.87967328130042;45.7783682080049;0;10008;Salengro / Vaillant;"108, Rue Roger salengro";;VILLEURBANNE;8;24;;"centre quartier, itinéraire cyclable";Oui;;266;69266
4.82356008140591;45.7279188576411;0;7049;Cité Scolaire Internationale;"26, Avenue Tony Garnier";;Lyon 7 ème;49;25;;;Oui;;267;69387
4.88924231844329;45.7536532555809;0;3013;Place Antoinette;Place Antoinette;Angle Rue Antoinette et Cours Richard Vitton;Lyon 3 ème;13;21;;coeur de quartier;Oui;;268;69383
4.88688030871153;45.7381400560295;0;8003;Claude Bernard Lyon I;"16, Rue Guillaume Paradin";devant entrée de la fac;Lyon 8 ème;3;16;;"faculté de médecine, métro";Oui;;269;69388
4.91927578594737;45.7644003130588;0;12002;Vaulx - Poudrette / La Soie;"Face 2, Rue de la Poudrette";;VAULX-EN-VELIN;70;20;;Centre commercial Carré de Soie;Oui;Monté;270;69256
4.87076597708919;45.724703165265;0;8041;Etats-Unis / Viviani;"170, Boulevard des Etats-Unis";Angle Avenue Viviani;Lyon 8 ème;41;20;;;Oui;Monté;271;69388
4.8191795184368;45.7405383152039;0;2005;Confluence Hôtel de Région;"101, Cours Charlemagne";Esplanade François Miterrand;Lyon 2 ème;5;32;;Hôtel de Région - Tram Montrochet - Pôle de loisirs;Oui;;272;69382
4.85056375566218;45.7425795049167;0;7023;Berthelot / Route de Vienne;"Face 41, Route de Vienne";angle avenue Berthelot;Lyon 7 ème;23;15;;tram;Oui;;273;69387
4.81148784284207;45.7834856612731;0;9014;Quai du Commerce;"12, Quai du Commerce";entre la Rue Dupont et la Rue Bourget => centre;Lyon 9 ème;14;23;;itinéraires cyclables;Non;;274;69389
4.8246123488634;45.7696644422938;0;1024;Rouville;Place Rouville;;Lyon 1 er;24;17;;"Lycée Diderot, clinique Saint Charles";Oui;;275;69381
4.83475200471111;45.7494176952947;0;7033;Saint-Luc / Saint-Joseph;"Face 22, Quai Claude Bernard";Sur le quai haut;Lyon 7 ème;33;28;;"Tramway, hôpital";Oui;;276;69387
4.87811742245828;45.7386714403411;0;8058;Longefer / Krüger;"10, rue Paul Kruger";;Lyon 8 ème;58;16;;Maillage;Oui;;277;69388
4.86290237929415;45.7340200917966;0;8037;Cazeneuve;"Face 42, Rue Paul Cazeneuve";Square René Picod;Lyon 8 ème;37;19;;Quartier d'habitation;Oui;;278;69388
4.86019085189535;45.7470826073158;0;8052;Clinique Montplaisir;"2, Avenue des Frères Lumière";;Lyon 8 ème;52;16;;"Clinique, renforcement 8001";Oui;;279;69388
4.80466533095939;45.7797819839255;0;9004;Gare de Vaise;"Face 14, Rue du 24 Mars 1852";face entrée gare;Lyon 9 ème;4;22;;"Gare, métro D";Oui;;280;69389
4.84142444485292;45.7439143269095;0;7022;Jaurès / Lagrange;"105, Avenue Jean Jaurès";;Lyon 7 ème;22;30;;"Piste cyclable, commerces";Oui;;281;69387
4.79452530849956;45.7836371650548;0;9050;Allée de l'Europe;"228, Avenue du Plateau";;Lyon 9 ème;50;12;;"Commerces, poste, mairie, cpam, marché";Oui;;282;69389
4.8550066229888;45.7629790120815;0;3003;Part-Dieu / Deruelle;Boulevard Eugène Deruelle;"Face rue Masséna, entrée centre commercial";Lyon 3 ème;3;30;;centre commercial;Oui;;283;69383
4.85242777234507;45.7627511569952;0;3087;Part-Dieu / Garibaldi;"4, Boulevard Eugène Deruelle";;Lyon 3 ème;87;20;;"Centre Commercial, bureaux, renforcement 2-003";Oui;;284;69383
4.86385268938255;45.7529160218789;0;3067;Hachette;"2, Rue Jean Renoir";Angle Rue Jeanne Hachette;Lyon 3 ème;67;15;;"CES, logements";Oui;;285;69383
4.8626475813298;45.7762210147081;0;10004;Tonkin;Rue Salvador Allende;"Angle avenue du Lys Orangé, au pied de la";VILLEURBANNE;4;10;;"centre quartier, itinéraire cyclable";Oui;;286;69266
4.81144121742037;45.786508444362;0;9042;Vaise Docks;"Face 50, Rue des Docks";;Lyon 9 ème;42;19;;Complexe cinéma Pathé;Oui;Monté;287;69389
4.81585436103903;45.743414094708;0;2010;Confluence / Darse;"2, Allée Andrée Mure";Quai Antoine Riboud;Lyon 2 ème;10;22;;;Oui;Monté;288;69382
4.89996521942795;45.7571560146472;0;10032;Primat / Decorps;Angle rue Emile Decorps / Rue Max Barel;;VILLEURBANNE;32;13;;Pôle Pixel;Oui;Monté;289;69266
4.81502593064381;45.7396275873331;0;2009;Confluence / Docks;"41, Quai Rambaud";Rue Hrant Dink;Lyon 2 ème;9;26;;Confluence - Les Docks;Oui;Monté;290;69382
4.85792503006306;45.750253311906;0;3009;Musée Africain;"Face 150, Cours Gambetta";;Lyon 3 ème;9;22;;"Université Jean Moulin, musée africain, commerces";Oui;;291;69383
4.81856028667253;45.7881700188237;0;4024;Lyon Métropole;"Face au 84, Quai Joseph Gillet";150 mètres au sud de la Rue du Bois de la Caille;Lyon 4 ème;24;25;;;Oui;;292;69384
4.85985589412937;45.7538149056221;0;3036;Félix Faure / Vivier Merle;"Face 106, Avenue Félix Faure";;Lyon 3 ème;36;35;;;Non;;293;69383
4.8270475070641;45.7670544551411;0;5029;Place Gerson;Place Gerson;A proximité du Quai Pierre Size;Lyon 5 ème;29;20;;Vieux Lyon;Oui;;294;69385
4.83407651541315;45.7587390821938;0;2024;République / Maupin;"9, Rue Maupin";Angle Rue Président Edouard Herriot;Lyon 2 ème;24;25;;commerces;Oui;;295;69382
4.84105343076621;45.7619651301155;0;3044;Quai Augagneur;"Face 3, Quai Victor Augagneur";Entre Rue de Bonnel et Rue Rabelais;Lyon 3 ème;44;19;;maillage (habitat dense);Oui;;296;69383
4.82888968245804;45.7620370806927;0;5006;Quai Romain Rolland;Quai Romain Rolland;Face au Palais de Justice;Lyon 5 ème;6;17;;Vieux Lyon;Oui;;297;69385
4.84804823034532;45.7510565465262;0;7039;Guillotière / Madeleine;"106, Grande rue de la Guillotière";angle Rue de la Madeleine;Lyon 7 ème;39;10;;maillage;Oui;;298;69387
4.82898332652252;45.7646815056712;0;5009;Place Ennemond Fousseret;Quai Romain Rolland angle Quai de Bondy;Place Fousseret;Lyon 5 ème;9;16;;Vieux Lyon;Oui;;299;69385
4.82837438013951;45.7568084876169;0;2011;Sala / Rue du Plat;25 Rue du Plat;Face faculté catholique;Lyon 2 ème;11;14;;faculté catholique;Oui;;300;69382
4.80712002809766;45.778628898907;0;9022;Masaryk / Saint-Cyr;Rue Masaryk;angle Rue Chinard / Rue de Saint-Cyr;Lyon 9 ème;22;13;;maillage;Oui;;301;69389
4.84487072601767;45.7774932959539;0;6002;Porte des Enfants du Rhône;Place Général Leclerc;Le long des grilles côté ouest de la porte;Lyon 6 ème;2;40;;Parc de la Tête d'Or;Oui;;302;69386
4.8355253578886;45.7640723503116;0;2030;République / Poulaillerie;"20, Rue de la Poulaillerie";Angle Poulaillerie / République;Lyon 2 ème;30;32;;"commerces, palais de la bourse";Oui;;303;69382
4.81509001130952;45.7573003219205;0;5001;Place Varillon (funiculaire St-Just);"63, Rue de Trion";;Lyon 5 ème;1;23;;"Métro Saint Just, habitations, commerces";Oui;;304;69385
4.83392739665338;45.7567623213032;0;2008;Place Antonin Poncet;"1, Place Antonin Poncet";Devant la librairie Privat;Lyon 2 ème;8;40;;"métro A D, poste centrale, commerces";Oui;;305;69382
4.79661217888942;45.7565273368784;0;5002;Place des Compagnons de la chanson;Place des Compagnons de la chanson;angle Rue des Aqueducs;Lyon 5 ème;2;18;;"funiculaire, coeur quartier";Oui;;306;69385
4.82782295642847;45.7300799170409;0;7046;Place de l'Ecole;"19, Rue de Saint-Cloud";Place de l'Ecole;Lyon 7 ème;46;28;;ENS Science;Oui;;307;69387
4.82537896207112;45.7758995112138;0;4009;Jacquart / Denfert-Rochereau;Rue Denfert-Rochereau;angle Rue Jacquard;Lyon 4 ème;9;14;;maillage;Oui;;308;69384
4.84231795388716;45.7693730577565;0;6022;Place Maréchal Lyautey;"5-6, Place Maréchal Lyautey";;Lyon 6 ème;22;20;;;Oui;;309;69386
4.82515971219836;45.7740806705344;0;4021;Tabareau;Rue Tabareau;angle Boulevard de la Croix-Rousse;Lyon 4 ème;21;10;;IUFM;Oui;;310;69384
4.84473189285044;45.7657655924629;0;6005;Place Edgar Quinet;"6, Place Edgar Quinet";Devant le lycée;Lyon 6 ème;5;20;;coeur quartier;Oui;;311;69386
4.85376789385447;45.7588856223001;0;3058;Place du Lac;Place du Lac;face à la Poste;Lyon 3 ème;58;19;;;Oui;;312;69383
4.86934289665943;45.7594733965948;0;3021;Place de la Ferrandière;"51, Avenue Georges Pompidou";Angle Rue Louis Jasseron;Lyon 3 ème;21;20;;maillage;Oui;;313;69383
4.83539920228165;45.7593809563465;0;2026;République / Paufique;"22, Rue Louis Paufique";Angle rue de la République;Lyon 2 ème;26;28;;commerces;Oui;;314;69382
4.84222758702112;45.7593422663364;0;3016;Liberté / Part-Dieu;"34, Cours de la Liberté";angle rue de la Part-Dieu;Lyon 3 ème;16;18;;"tram, commerces, itinéraire cyclable";Oui;;315;69383
4.84804242610368;45.7537858652436;0;3005;Saxe / Gambetta;"1, Place Victor Basch";;Lyon 3 ème;5;26;;métro B D;Oui;;316;69383
4.87892061644284;45.7434156767836;0;3007;Place d'Arsonval;Place d'Arsonval;A côté du stand de fleurs;Lyon 3 ème;7;32;;"hôpital Herriot, métro D, tram, fac de pharmacie";Oui;;317;69383
4.82805150135516;45.7500996433261;0;2004;Perrache / Carnot;Place Carnot;Coté Sud/Est de la Place en face N°16;Lyon 2 ème;4;18;;;Oui;;318;69382
4.85558508830065;45.7511124102764;0;3053;Gambetta / Jusserand;"97, Avenue Jules Jusserand";Angle Cours Gambetta;Lyon 3 ème;53;13;;"bureaux, itinéraire cyclable";Oui;;319;69383
4.84141528746178;45.7529863435116;0;7014;Marseille / Félissent;"3, Rue Félissent";angle Rue de Marseille;Lyon 7 ème;14;30;;maillage;Oui;;320;69387
4.84993054607575;45.7640576127189;0;6040;Les Halles;"149, Rue Boileau";;Lyon 6 ème;40;15;;;Oui;;321;69386
4.80331174456567;45.777295537372;0;9006;Théâtre Nouvelle Génération;"Face 2, Rue Tissot";angle Rue de Bourgogne;Lyon 9 ème;6;16;;maillage;Oui;;322;69389
4.86154177936425;45.7485395662599;0;8001;Université Lyon III;"5, Rue du Professeur Rollet";Devant entrée principale université Lyon 3;Lyon 8 ème;1;36;;Université Lyon 3;Oui;;323;69388
4.87972316375917;45.7413487229911;0;8030;Laënnec;Rue Nungesser et Coli;"25, Rue Laënnec";Lyon 8 ème;30;16;;"fac, tram";Oui;;324;69388
4.85260796600875;45.7517901355475;0;7003;Gambetta / Garibaldi;"100, Cours Gambetta";Prolongement Rue Rachais;Lyon 7 ème;3;40;;métro D;Oui;;325;69387
4.83119748219563;45.7275732848257;0;7006;Gerland;"Face 317, Avenue Jean Jaurès";Square du Professeur Galtier;Lyon 7 ème;6;40;;"Métro B, Stade de Gerland";Oui;;326;69387
4.84113933935133;45.7668296196243;0;6023;Quai Sarrail;"Face 4, Quai Général Sarrail";angle rue de Sèze;Lyon 6 ème;23;14;;Parc du Rhône;Oui;;327;69386
4.85675217746754;45.7707371546229;0;6024;Tronchet / Anatole France;"115, Rue Tronchet";angle rue Anatole France;Lyon 6 ème;24;10;;"Lycée du Parc, piscine Tronchet";Oui;;328;69386
4.83599969820417;45.7473561743231;0;7010;Centre Berthelot;"105, Rue Pasteur";angle Avenue Berthelot;Lyon 7 ème;10;19;;"tram, cinéma";Oui;;329;69387
4.84234125809161;45.7465601730306;0;7004;Mairie du 7e;Place Jean Macé;face à la Mairie;Lyon 7 ème;4;30;;"métro B, tram, future halte TER, coeur quartier, mairie";Oui;;330;69387
4.83813843834042;45.7298058652088;0;7021;Challemel Lacour / Gerland;"Face 174, Rue de Gerland";"58, Rue Challemel Lacour";Lyon 7 ème;21;12;;maillage;Oui;;331;69387
4.81442112784968;45.7875097567312;0;9013;Quai Paul Sédaillan;"52, Quai Paul Sédallan";;Lyon 9 ème;13;20;;"pôle d'activité (Cegid, Infogrammes)";Oui;;332;69389
4.83689574142056;45.7658113822041;0;1012;Ampère / Bourse;"29, Rue de la Bourse";Long du Collège-Lycée Ampère;Lyon 1 er;12;26;;"Lycée Ampère et rue de la Bourse, Métro A";Oui;;333;69381
4.83174125171842;45.7680236126547;0;1031;Place de la Paix;Place de la Paix;En face de la poste;Lyon 1 er;31;20;;"Opéra, métro A, mairie centrale";Oui;;334;69381
4.8521404034164;45.7838816142831;0;6036;Musée d'Art Contemporain;Allée Achille Lignon;"Face 83, Quai Charles de Gaulle";Lyon 6 ème;36;23;;"Cinémas, Cité internationale, Musée d'art contemporain, parc";Oui;;335;69386
4.8534921297062;45.7643336975612;0;6028;Récamier / Tête d'Or;"10, Rue Juliette Récamier";angle rue Tête d'Or;Lyon 6 ème;28;16;;maillage;Oui;;336;69386
4.86816658134936;45.7297663546007;0;8006;Place du 8 mai 1945;Rue Professeur Beauvisage;Angle Rue Commandant Pégout;Lyon 8 ème;6;20;;"coeur quartier, itinéraires cyclables";Oui;;337;69388
4.83285772205102;45.7815755185206;0;4011;Place Joannès Ambre;Place Joannès Ambre;Angle grande rue de la Croix Rousse;Lyon 4 ème;11;20;;"Théâtre, coeur quartier, hôpital";Oui;;338;69384
4.82824553953938;45.7530445329676;0;2003;Place Ampère;"18, Rue Bourgelat";angle rue Henry 4;Lyon 2 ème;3;10;;"métro A, coeur quartier, commerces";Oui;;339;69382
4.80566601141478;45.7742408280788;0;9002;Mairie du 9e;Rue du Bourbonnais;sur le côté de la mairie;Lyon 9 ème;2;27;;"mairie, coeur quartier, métro D";Oui;;340;69389
4.84444346568561;45.7466748285385;0;7041;Domer / Chevreul;Rue Domer;angle Rue Chevreuil;Lyon 7 ème;41;12;;"MJC du 7e, itinéraire cyclable";Oui;;341;69387
4.82962109622588;45.7760264913711;0;4017;Place des tapis;"Face 12, Boulevard des Canuts";angle boulevard de la Croix-Rousse;Lyon 4 ème;17;17;;coeur de quartier;Oui;;342;69384
4.85304265447007;45.7356503881221;0;8011;Place Lebret;Place Lebret;côté route de Vienne;Lyon 8 ème;11;14;;coeur quartier;Oui;;343;69388
4.86750421313508;45.7742151784181;0;10007;Piaton / Condorcet;Avenue Piaton;Angle rue Condorcet;VILLEURBANNE;7;20;;"centre quartier, itinéraire cyclable";Oui;;344;69266
4.82970160858274;45.7295008043116;0;7012;Place des Pavillons;"11, Place des Pavillons";;Lyon 7 ème;12;13;;"ENS Sciences, coeur quartier";Oui;;345;69387
4.85999116099569;45.7797016132489;0;10005;11 novembre;Boulevard du 11 Novembre 1918;Entrée parc;VILLEURBANNE;5;35;;"Parc Tête d'Or, itinéraire cyclable";Oui;;346;69266
4.83750891991702;45.7375180973509;0;7009;Jean Jaurès;"175, Avenue Jean Jaurès";"3, Rue Marie-Madeleine Fourcade";Lyon 7 ème;9;16;;métro B;Oui;Monté;347;69387
4.85412407271076;45.7854214249624;0;6035;Cité Internationale;Quai Charles de Gaulle;Face parvis palais des congrés;Lyon 6 ème;35;21;;"Cinéma, casino, palais des congrés";Oui;;348;69386
4.84993572936438;45.7706974838463;0;6021;Garibaldi;"46, Rue Garibaldi";angle rue Crillon;Lyon 6 ème;21;11;;commerces (ATAC);Oui;;349;69386
4.84934398081673;45.7823061128328;0;6037;Cité Internationale / Interpol;Allée Achille Lignon;"Face 200, Quai Charles de Gaulle";Lyon 6 ème;37;27;;"Interpol, habitations, parc";Oui;;350;69386
4.86273278320448;45.7383023357079;0;8034;Berthelot / Villon;"Face 98, Rue Villon";angle rue Berthelot;Lyon 8 ème;34;13;;tram;Oui;;351;69388
4.84847710185138;45.7745048729893;0;6020;Musée Guimet;"28, Boulevard des Belges";angle Rue Morellet;Lyon 6 ème;20;15;;"musée Guimet, itinéraire cyclable";Oui;;352;69386
4.83639318159878;45.7514132273513;0;7002;Universités Lyon III / Lyon II;"Face 16, Quai Claude Bernard";Entre Pont de l'université et rue Chevreul;Lyon 7 ème;2;40;;Université Lyon 2 et Lyon 3;Oui;;353;69387
4.84773994265355;45.749080358959;0;7016;Place St Louis;Rue de la Madeleine;Face Rue Béguin;Lyon 7 ème;16;15;;"Coeur quartier, itinéraire cyclable";Oui;;354;69387
4.84156547149102;45.7648582723532;0;6032;Préfecture / Sarrail;"14, Quai Général Sarrail";angle rue Vauban;Lyon 6 ème;32;20;;;Oui;;355;69386
4.88368168832273;45.7362995122816;0;8040;Ambroise Paré;"39, Boulevard Ambroise Paré";;Lyon 8 ème;40;24;;Services et habitat;Oui;;356;69388
4.83665700541284;45.7676109468329;0;1002;Opéra;"Face 18, Rue Joseph Serlin";;Lyon 1 er;2;41;;"Opéra, métro, mairie centrale";Oui;;357;69381
4.86980543200718;45.7364796056891;0;8009;Jean XXIII / Mermoz;"Face 74, Boulevard Jean XXIII";Angle Avenue Jean Mermoz;Lyon 8 ème;9;20;;tram;Oui;;358;69388
4.8237404067654;45.7308422388673;0;7013;Halle Tony Garnier;"8, Avenue Tony Garnier";Angle Rue Pierre Riboulet;Lyon 7 ème;13;20;;Halle Tony Garnier;Oui;;359;69387
4.83926712071833;45.7509549511841;0;7035;Marseille / Université;"8, Rue de l'Université";angle Rue de Marseille;Lyon 7 ème;35;40;;tram;Oui;;360;69387
4.8759334029685;45.7495627067971;0;3086;Feuillat / Lacassagne;"115, Avenue Lacassagne";Angle Rue Feuillat;Lyon 3 ème;86;16;;"Maillage, stade";Oui;;361;69383
4.8382209724032;45.7536107053595;0;7034;Piscine du Rhône;"Face 8, Quai Claude Bernard";;Lyon 7 ème;34;31;;Piscine du Rhône;Oui;;362;69387
4.83726954406844;45.7729266206145;0;1037;Chazette Lassagne;Entrée Est du Tube Mode Doux;;Lyon 1 er;;20;;;Oui;;363;69381
4.83210085442565;45.7634225385927;0;2040;Saint Antoine / Grenette;"12, quai St Antoine";;Lyon 2 ème;;20;;;Non;;364;69382
4.84877923268383;45.8324657183306;0;28001;Fontaines S/S - Quai JB Simon;Quai Jean Baptiste Simon;;FONTAINES-SUR-SAONE;;20;;;Oui;;365;69088
4.82677518587998;45.7445140498694;0;2023;;"1, quai Perrache";;Lyon 2 ème;;18;;;Non;;366;69382
4.81413598057838;45.7170299434914;0;20001;Oullins - Gare;Avenue du Rhône;Esplanade de la gare routière;OULLINS;;40;;Oullins;Oui;;367;69149
4.87226987110793;45.7478194334712;0;3070;Rebatel / Saint-Maximin;"62, Rue St Maximin";;Lyon 3 ème;;30;;st_maximin_rebatel;Oui;;368;69383
4.85645400063992;45.7478049999959;0;7051;Guillotière / Veyron;"214, Grande Rue de la Guillotière";;Lyon 7 ème;;0;;;Non;Démonté;369;69387
4.92114171179221;45.7578829540715;0;10015;Poudrette / Musset;"112, Rue de la Poudrette";;VILLEURBANNE;;18;;;Oui;;370;69266
4.88347095123162;45.7576523213067;0;10023;Jaurès / Saint Exupéry;"54, Rue Jean Jaurès";;VILLEURBANNE;;25;;;Oui;Monté;371;69266
4.90236107078701;45.7766422715884;0;10123;Saint Jean / Epi de Blé;"19, Rue Saint Jean";;VILLEURBANNE;;12;;;Oui;Monté;372;69266
4.87645879040009;45.7768977023466;0;10124;Salengro / Courteline;"67, Avenue roger Salengro";;VILLEURBANNE;;24;;;Oui;;373;69266
4.95576678761109;45.7718733296367;0;13001;Décines - Centre;"27, Rue Emile Bertrand";;DECINES-CHARPIEU;;20;;Meyzieu (T3);Oui;;374;69275
4.88474387319914;45.805091340265;0;30001;Rillieux - Canellas;18 route de Genève;;RILLIEUX-LA-PAPE;;12;;place canellas;Oui;;375;69286
4.77861006567055;45.7632560325954;0;23001;Tassin - Tuileries;13 Promenade des Tuileries;;TASSIN-LA-DEMI-LUNE;;12;;Tassin-la-Demi-Lune;Oui;;376;69244
4.92732161126566;45.7570697600649;0;12003;Vaulx - Bibliothèque;Rue Joseph Blein;devant la bibliothèque;VAULX-EN-VELIN;;15;;;Oui;;377;69256
4.92051671129779;45.7781718162778;0;12004;Vaulx - Hôtel de ville;Rue Maurice Audin;coté Planétarium;VAULX-EN-VELIN;;30;;;Oui;;378;69256
4.9009848506091;45.7059819724876;0;15002;Saint Priest - Cité Berliet;Place Steven Spielberg;8ème Rue Cité Berliet;SAINT-PRIEST;;20;;cite berliet;Oui;;379;69290
4.78324590784463;45.7567552283433;0;5032;Ménival / Eisenhower;"43, Avenue de Ménival";;Lyon 5 ème;;12;;Lyon 5ème arrondissement;Oui;;380;69385
4.90862133841199;45.7429248383541;0;14001;Bron - Centre Nautique;"22, Rue de la Marne";;BRON;;13;;gaillard_romanet;Oui;;381;69029
4.87823506147984;45.7154529520501;0;16003;Vénissieux - Joliot Curie / Sembat;Boulevard Irène Joliot Curie;;VENISSIEUX;;25;;Vénissieux;Oui;;382;69259
4.855274123134;45.7123448014944;0;17001;Saint Fons - Arsenal;"Face au 40, Avenue Jean Jaurès";;SAINT-FONS;;27;;Saint-Fons;Oui;;383;69199
4.82120037612768;45.7032558571012;0;18001;Pierre Bénite - Europe;"22, Rue Voltaire";;PIERRE-BENITE;;15;;europe;Oui;;384;69152
4.79477284971607;45.6978120018869;0;19001;Saint Genis Laval - Médiathèque;49 Avenue Gorges Clémenceau;;SAINT-GENIS-LAVAL;;12;;dtgenis_lyon_sud;Oui;;385;69204
4.82527256166898;45.8011198081158;0;9009;Berlioz / Chalinel;"Face 31, Rue Albert Chalinel";Rue Hector Berlioz;Lyon 9 ème;;15;;berlioz;Oui;;386;69389
4.83959853731864;45.8708762461699;0;34002;Neuville - Stade;"Face au 27, Route de Lyon";;NEUVILLE-SUR-SAONE;;15;;;Oui;;387;69143
4.77867291608373;45.7750890702449;0;24001;Ecully - Mairie;Place de la Libération;Face à la Rue Auguste Tramier;ECULLY;;12;;deplacee place liberation;Oui;;388;69081
4.88853536626342;45.7197119647566;0;16004;Vénissieux - Parilly;Place Jules Grandclément;;VENISSIEUX;;25;;Vénissieux;Oui;;389;69259
4.80089602409204;45.7495654052049;0;22001;Sainte Foy - Place Saint-Luc;Place Saint-Luc;;SAINTE-FOY-LES-LYON;;15;;Sainte-Foy-lès-Lyon;Oui;;390;69202
4.88702481170959;45.7085339720956;0;16005;Vénissieux - Gare;122b Avenue Jules Guesde;;VENISSIEUX;;25;;Vénissieux;Oui;;391;69259
4.83300213608228;45.8749934925375;0;33001;Albigny - Gare;Place de la Gare;;ALBIGNY-SUR-SAONE;;18;;;Oui;;392;69003
4.8386237264876;45.8766089913122;0;34001;Neuville - Quai Pasteur;"5, Quai Pasteur";Angle Place Ampère;NEUVILLE-SUR-SAONE;;20;;;Oui;;393;69143
4.8634641019604;45.7543008100597;0;3066;Kimmerling - Faure;"139, Avenue Félix Faure";;Lyon 3 ème;66;19;;"Bureaux, habitat, collège";Oui;;394;69383
4.83241213375528;45.8459976867575;0;32001;Couzon - Centre;Quai Jean Lavergne;;COUZON-AU-MONT-D'OR;;17;;;Oui;;395;69068
4.83706237202871;45.7574175254861;0;2018;Hôtel Dieu / Pont de la Guillotière;"Face 26, Quai Jules courmont";;Lyon 2 ème;18;50;;Hôtel Dieu;Oui;Monté;396;69382
4.88753876604938;45.7307139653715;0;8023;Mermoz / Pinel;Avenue Jean Mermoz;Boulevard Pinel;Lyon 8 ème;;23;;Lyon 8ème arrondissement;Oui;;397;69388
4.84736888295985;45.7437118135706;0;7011;Berthelot / Garibaldi;"111, Avenue Berthelot";Rue Garibaldi;Lyon 7 ème;11;15;;"tram, itinéraires cyclables";Oui;;398;69387
4.7983317319214;45.7201577769261;0;20003;Oullins - Pont Blanc;"Face 56, Boulevard de l'Yzeron";;OULLINS;;24;;zola_yzeron;Oui;;399;69149
4.81717360852014;45.7459165775636;0;2021;Bayard / Rambaud;"15, Quai Rambaud";;Lyon 2 ème;;30;;Lyon 2ème arrondissement;Oui;;400;69382
4.86037208946724;45.7422568774362;0;8055;Saint-Romain / Berliet;"57, Rue Marius Berliet
57, Rue Marius Berliet";;Lyon 8 ème;;20;;;Oui;;401;69388
4.85480157623511;45.7193988058185;0;16002;Vénissieux - Levy - Vienne;"1, Avenue du Docteur Georges Lévy";;VENISSIEUX;;18;;Vénissieux;Oui;;402;69259
4.86177560413833;45.7080855971723;0;17003;Saint Fons - Théatre;"59, Rue Carnot";;SAINT-FONS;;18;;Saint-Fons;Oui;;403;69199
4.84115208860552;45.7367908138389;0;7019;Croix Barret / Artillerie;"5, Rue Croix-Barret";;Lyon 7 ème;;32;;;Oui;;404;69387
4.93101431567089;45.7144103841042;0;15001;Saint Priest - Parc Technologique;"312, Cours du 3ème Millénaire";;SAINT-PRIEST;;20;;parc technologique;Oui;;405;69290
4.81960186875527;45.7997914275755;0;25001;Saint Cyr;"3, Rue de St-Cyr";;SAINT-CYR-AU-MONT-D'OR;;12;;saint cyr saint didier;Oui;;406;69191
4.80853463534392;45.7915736750577;0;26001;Saint Didier - Pasteur / Saint-Cyr;"113, Rue de St Cyr";;SAINT-DIDIER-AU-MONT-D'OR;;17;;;Oui;;407;69194
4.79840761495355;45.7600785770139;0;5044;Champvert;"67, Rue Edmond Locard";;Lyon 5 ème;44;15;;"Stade Edmond Locard, Skate Park";Oui;;408;69385
4.87016139600862;45.7669053920041;0;10045;Anatole France / Alsace;24 Rue Anatole France;;VILLEURBANNE;;20;;Villeurbanne;Oui;;409;69266
4.87412753261051;45.7316833148739;0;8060;Santy / Beauvisage;"Face 9, Rue Pierre Verger";Angle Rue Maryse Bastié;Lyon 8 ème;60;17;;Maillage;Oui;;410;69388
4.86514153673672;45.7322180106597;0;8029;Etats-Unis / Lévigne;"78, Boulevard des Etats-Unis";Angle Rue Emile Combes et Rue Théodore Lévigne;Lyon 8 ème;29;20;;"Commerce, habitat, école, tramway T4";Oui;;411;69388
4.84270600035762;45.7227999997409;0;7015;Techsud;"Face 2, Rue Professeur Jean Bernard";angle du Boulevard Chambaud de la Bruyère;Lyon 7 ème;66;12;;;Oui;;412;69387
4.91710048563201;45.7366744242415;0;14003;Bron - Place Curial;"70, Avenue Mal. de Lattre de Tassigny";Contre Allée F. Mitterrand;BRON;;25;;place_curial;Oui;;413;69029
4.81463547661984;45.7273693332767;0;21001;La Mulatière - Aquarium;Rue Stéphane Déchant;;LA MULATIERE;;24;;P1_dechant;Oui;;414;69142
4.8153350287499;45.7361815820861;0;2019;Sucrière;Place Chevalier de Saint-Georges;;Lyon 2 ème;;20;;Lyon 2ème arrondissement;Oui;;415;69382
4.82980714483272;45.7530892095642;0;2038;Remparts d'Ainay;"15, Rue des Remparts d'Ainay";;Lyon 2 ème;;24;;;Oui;;416;69382
4.91520849999098;45.722660731506;0;14005;Bron - Université;"5, Avenue Pierre Mendès France";;BRON;;30;;;Oui;;417;69029
4.85835099773889;45.7257547271143;0;16001;Vénissieux - Place Romand;Place Ennemond Romand;;VENISSIEUX;;20;;Lyon 8ème arrondissement;Oui;;418;69259
4.84333131610684;45.7915896614286;0;11004;Branly / Pasteur;"75, Rue Pasteur";;CALUIRE-ET-CUIRE;;15;;;Oui;;419;69034
4.87139733815499;45.7550605472609;0;3068;Faure / Meynis;"202, Avenue Félix Faure";;Lyon 3 ème;;28;;;Oui;Monté;420;69383
4.85877100330515;45.7526125818454;0;3035;Philomène Magnin;"3, Rue Philomène Magnin";;Lyon 3 ème;;24;;buire_vivier_merle;Oui;;421;69383
4.85208598124682;45.7666921938824;0;6039;Garibaldi / Vauban;"Face 99, Rue Bugeaud";Place Cardinal Jean Villot;Lyon 6 ème;;20;;Lyon 6ème arrondissement;Oui;;422;69386
4.88704345081767;45.8159701108687;0;30002;Rillieux - Loup Pendu;"196, Avenue Pierre Mendes France";;RILLIEUX-LA-PAPE;;18;;loup_pendu;Oui;;423;69286
4.92688555990779;45.7862776558452;0;12005;Place Boissier;"7, Place Boissier";;VAULX-EN-VELIN;;20;;;Non;;424;69256
4.82560539394458;45.7461030735745;0;2027;Perrache Est;48 Cours Suchet;;Lyon 2 ème;;20;;Lyon 2ème arrondissement;Oui;;425;69382
4.8577376181705;45.7535182868895;0;3040;Faure / Danton;"87, Avenue Félix Faure";;Lyon 3 ème;;35;;;Oui;Monté;426;69383
4.83413844450288;45.7367572482026;0;7017;Beauvoir / Marot;"26, Rue Simone de Beauvoir";;Lyon 7 ème;;20;;Lyon 7ème arrondissement;Oui;;427;69387
4.85848883968644;45.7575354402959;0;3138;Vivier Merle / Paul Bert Ouest;"Face 65, Boulevard Vivier Merle";angle rue Paul Bert;Lyon 3 ème;138;19;;CAFAL;Non;Monté;428;69383
